[ec2-user@ip-10-2-11-135 ~]$ mysql -h readreplica.cxwpnx1hnm1y.us-west-1.rds.amazonaws.com -P 3306 -u admin -p
Enter password:
Welcome to the MySQL monitor.  Commands end with ; or \g.
Your MySQL connection id is 276
Server version: 8.0.17 Source distribution

Copyright (c) 2000, 2018, Oracle and/or its affiliates. All rights reserved.

Oracle is a registered trademark of Oracle Corporation and/or its
affiliates. Other names may be trademarks of their respective
owners.

Type 'help;' or '\h' for help. Type '\c' to clear the current input statement.

mysql> select * from employee
    -> ;
ERROR 1046 (3D000): No database selected
mysql> SHOW DATABASES;
+--------------------+
| Database           |
+--------------------+
| information_schema |
| mysql              |
| performance_schema |
| primaryrds         |
| udacity            |
+--------------------+
5 rows in set (0.05 sec)

mysql> use udacity
Reading table information for completion of table and column names
You can turn off this feature to get a quicker startup with -A

Database changed
mysql> select * from employee
    -> ;
+--------+----------+--------+
| emp_id | emp_name | salary |
+--------+----------+--------+
|      1 | Brian    |  10000 |
+--------+----------+--------+
1 row in set (0.00 sec)

mysql> insert into employee (emp_name, salary) values(Bill, 11000);
ERROR 1290 (HY000): The MySQL server is running with the --read-only option so it cannot execute this statement
mysql>